Instance,A,B,C,D,E,F,Y_hat,Class
160,-1.19,-0.59,1.73,-2.36,-1.78,-0.96,1.57050502,1
854,0.36,-1.12,1.44,-1.46,-0.85,-1.32,1.62532464,1
793,-0.95,-1.17,-0.78,-1.68,-1.33,-1.37,1.69354765,1
185,-0.26,-1.99,0.61,-1.41,-0.95,-0.92,1.69776921,1
640,-0.01,-1.14,0.33,-0.61,-1.18,-1.09,1.73196629,1
191,-0.84,-0.54,1.59,-1.38,-0.73,-1.57,1.73825307,1
760,-0.03,-0.66,-0.93,-0.83,-1.74,-1.44,1.78663792,1
176,-1.91,-0.46,1.43,-1.43,-0.9,-0.93,1.80010111,1
127,0.56,-2.13,-0.21,-0.68,-1.04,-0.85,1.86896123,1
654,-0.03,-0.2,2.34,-2.07,-1.01,-1.92,1.87606265,1
621,-0.56,-1.24,-0.32,-0.6,-2.01,-0.89,1.87751484,1
281,-0.12,0.07,-0.02,-1.92,-0.44,-1.52,1.88943827,1
523,-1.33,-1.65,1.45,-2.28,-1.69,-0.64,1.9036697,1
178,-0.49,-1.08,0.86,-1.55,0.31,-1.27,1.9191781,1
260,0.68,-0.16,0.23,-1.86,-0.4,-1.01,1.92010559,1
486,0.73,-0.15,1.44,-1.56,-1.19,-0.82,1.92448722,1
367,-1.8,-0.77,-0.44,-1.5,-2.05,-1.22,1.97973669,1
610,1.51,-1.29,-1.72,-1.23,-0.7,-1.06,1.99573395,1
94,1.17,-2.3,-2.02,-0.85,-1.09,-0.75,2.00217316,1
446,-1.33,-0.47,-0.88,-2.26,-0.57,-1.37,2.01170873,1
914,-0.26,-1.58,-0.35,-2.24,-1.44,-2.08,2.02965241,1
663,0.91,-2.11,0.28,-0.48,-0.89,-1.04,2.03324406,1
865,-0.06,-1.67,0.58,-0.5,-0.44,-1.47,2.03453456,1
896,-0.76,-0.19,-1.12,0.17,-0.83,-0.84,2.04550144,1
910,-0.1,-0.67,1.24,-1.03,0.17,-1.29,2.04786474,1
800,0.83,-0.69,-0.63,-1.86,-2.16,-1.08,2.07206712,1
43,1.45,-1.82,-0.01,-2.17,-1.28,-2.02,2.07329794,1
714,-1.51,0.48,0.6,-1.65,-2.22,-1.48,2.10554676,1
764,-0.95,0.12,-0.84,-0.34,-0.05,-1,2.11741628,1
67,0.71,-1.46,0.52,-0.67,-0.96,-0.41,2.12752845,1
605,-0.91,0.11,1.83,-0.87,-0.31,-0.79,2.134358,1
934,1.05,-0.52,-2.27,-0.41,-0.96,-0.95,2.14868963,1
950,1.48,-0.59,-1.07,-1.46,-1.46,-1.09,2.16273737,1
878,0.87,-0.87,1.1,-2.31,-0.32,-0.25,2.17016131,1
994,-0.65,-0.73,-2.02,-0.71,-1.58,-0.36,2.17125937,1
290,-1.15,-2.18,-0.94,-1.88,-1.42,-1.66,2.17964122,1
815,-0.94,-0.27,1.06,-1.63,0.48,-0.64,2.18255993,1
512,-2.08,-0.33,-1.18,-0.25,-0.75,-0.64,2.1865687,1
330,0.4,-1.14,0.18,-2.26,-0.1,-0.26,2.20175844,1
377,-1.34,0.28,-2.23,-0.66,-1.35,-1.59,2.20949127,1
871,1.71,-0.52,1.82,-1.99,-0.79,-0.73,2.20977294,1
337,0.27,-1.77,1.56,-1.42,-0.64,-2.14,2.23565166,1
423,-1.1,0.35,-2.33,0.06,-1.17,-0.78,2.25050124,1
104,0.16,-0.41,-1.31,-1.72,-0.01,-0.53,2.26977393,1
870,-1.02,-1.23,-0.77,0.23,-1.7,-1.77,2.29600204,1
30,1.26,-2.12,0.94,-1.61,-1.15,-0.17,2.30915009,1
838,1.82,-0.84,0.03,-1.68,-1.52,-0.62,2.31300569,1
233,2.17,-1.74,-2.17,-0.22,-1,-1.47,2.32160604,1
304,1.56,-0.39,-0.36,-1.41,-0.37,-0.76,2.33281458,1
3,-0.62,-0.46,1.2,-2.16,0.9,-1.45,2.34367972,1
824,1.47,-0.54,1.73,-1.17,-0.57,-1.47,2.3449404,1
393,-1.8,-0.13,-1.04,-0.77,-1.54,-2.05,2.34561005,1
363,-0.06,-1.26,-1.65,1.09,-0.77,-1.18,2.34722719,1
572,0.33,-0.22,0.36,0.08,-0.71,-0.92,2.37037898,1
471,-1,0.82,0.83,-0.48,-1.83,-1.14,2.37466751,1
365,0.54,-1.06,-1.5,-0.7,-0.44,-2.3,2.3812274,1
755,-2.35,-1,-0.29,-0.55,-1.56,-0.49,2.38834839,1
289,0.76,-1.25,-1.36,0.63,-1.45,-0.64,2.41338556,1
644,-0.16,-0.05,0.22,-0.52,-0.57,-0.18,2.41769865,1
121,-0.4,-1.77,-0.16,-1.38,0.82,-0.76,2.42846717,1
992,-0.93,0.63,-0.98,-0.41,-2.15,-1.46,2.4285172,1
899,-1.07,-0.44,-2.3,-0.65,0.7,-1.16,2.43186026,1
223,-0.96,-0.64,-1.67,-2.36,-1.28,-1.97,2.43224405,1
915,-1.67,0.12,0.41,-1.93,0.73,-1.31,2.46174792,1
953,-1.76,-1.06,0,-1.62,-2.27,-0.26,2.46222824,1
721,0.07,-1.18,-0.36,-0.43,-1.14,0.05,2.46541861,1
668,-1.07,0.34,-2.02,-0.26,-2.33,-1.37,2.4694496,1
353,-0.34,-1.24,-1.5,-2.03,0.29,-1.99,2.46971763,1
864,0.29,-1.29,-2.2,0.55,-1.4,-0.22,2.48565313,1
987,0.71,-2.34,1.21,-0.4,-0.54,-0.73,2.48906324,1
936,-1.12,-1.15,1.73,-1.76,-2.26,0.04,2.50733348,1
547,-0.62,-1.35,-1.88,-1.71,0.76,-1.04,2.50956717,1
968,2.18,-1.55,0.43,-1.01,-1.29,-1.91,2.51009699,1
991,2.24,-0.42,0.05,-2.16,-0.99,-1.33,2.51349151,1
442,-1.03,-0.34,-1.86,-1.44,-1.1,-2.31,2.51528636,1
447,-1.48,-1.27,-1.62,-0.95,-1.13,-0.05,2.52227604,1
918,1.07,-1.45,-1.88,-0.06,-0.81,-0.12,2.52968978,1
544,-1,-2.11,-1.62,-0.48,0.09,-0.4,2.53266315,1
38,0.17,-0.93,1.19,-0.22,-0.27,-0.41,2.53300033,1
661,-1.11,-1.62,0.73,-1.73,-0.65,0.12,2.54020013,1
388,-0.26,0.33,0.25,0.29,-0.93,-0.85,2.54121393,1
101,0.24,-0.33,1.03,-2.19,0.21,-0.04,2.55927261,1
100,0.09,-0.04,0.81,-2.26,-1.94,0,2.55994656,1
103,-1.87,1.13,-1.98,-0.55,-1.03,-1.36,2.56100926,1
686,0.69,-0.6,-1.57,0.18,0.06,-1.89,2.56801728,1
850,0.63,-2.01,0.26,-0.29,-2.3,-0.47,2.57231937,1
381,-2.29,-0.91,2.06,-1.01,0.07,-0.91,2.58001956,1
416,0.55,-2.34,-0.47,-0.49,0.34,-0.43,2.58163143,1
44,-2.36,-0.01,1.32,-1.35,0.59,-1.18,2.58187172,1
59,-1,-0.86,0.36,-0.05,-0.74,-2.12,2.58781711,1
119,1.21,0.37,1.01,-0.85,-0.83,-1.08,2.5952863,1
570,0.15,0.77,-1.95,-0.21,-0.94,-1.56,2.60101419,1
251,-1.57,-1.54,0.96,-0.06,-1.85,-0.64,2.60641162,1
179,1.48,0.32,-0.72,-1.13,-1.22,-1.14,2.60777651,1
501,-1.05,-0.27,-1.69,-0.27,0.42,-0.3,2.60791725,1
254,-0.12,-1.77,-0.11,0.17,-1.31,-0.15,2.61901393,1
401,-2.28,1.07,-1.69,-0.65,-0.37,-1.32,2.62386947,1
192,-0.21,-0.78,-0.57,-1.25,0.59,-0.12,2.64453879,1
288,1.34,-0.98,1.76,-1.06,-2.17,-0.39,2.64868626,1
406,-1.94,-0.53,0.44,0.24,-1.47,-1.8,2.68268337,1
707,-1.83,-0.04,1.76,-0.74,-1.25,-2.18,2.68480056,1
888,-1.41,0.79,-0.21,-1.93,0.36,-0.51,2.68835247,1
451,1.41,-0.1,1.82,-1,-1.46,-0.56,2.69500318,1
180,-2.15,0.43,-0.58,0.76,-0.94,-1.17,2.70061213,1
645,2.33,-1.36,-1.84,-1.46,0.17,-1.7,2.70251456,1
908,-0.54,-1.57,-1.44,-1.21,0.67,-2.12,2.7135878,1
744,-0.63,-1.19,-2.26,-0.77,0.48,-0.15,2.72073717,1
472,-0.81,1.52,1.7,-0.74,-1.23,-0.98,2.73119898,1
977,0.1,-0.45,2.35,-2.12,1.05,-1.78,2.732246,1
241,0.92,-2.14,-1.67,0.59,-0.88,-2.17,2.73327691,1
892,-2.29,-1.01,-0.66,-2.36,-1.97,-0.47,2.73920725,1
141,-1.46,-1.67,0.72,0,-0.33,-1.66,2.74625043,1
885,2.32,-1.87,-1.95,-1.35,0.62,-1.4,2.75431916,1
790,-1.27,0.03,1.02,0.33,-0.15,-0.85,2.75463768,1
682,-1.42,1.11,0.67,-1,0.58,-1.25,2.76158043,1
598,-2.19,-2.2,-0.54,-0.95,-1.68,-0.5,2.76167276,1
516,1.07,-0.84,-0.5,0.77,-0.43,-1.05,2.77609374,1
448,-0.71,1.07,1.66,-1.05,-0.4,-1.98,2.78009231,1
534,-2.04,1.44,2.31,-2.18,0.38,-1.58,2.78530947,1
716,2.06,-1.03,-1.91,-0.1,0.34,-1.46,2.78945336,1
474,1.69,-0.65,-2.08,-0.16,0,-1.96,2.8206763,1
723,0.87,-0.96,-2.1,-1.46,1.17,-1.25,2.82792768,1
722,0.14,1.55,0.56,-2.12,-0.57,-0.91,2.8397073,1
110,-1.54,-1.11,-0.74,-0.06,0.92,-0.84,2.84218423,1
184,-1.77,-1.97,0.84,-2.34,-0.25,-2.21,2.84432733,1
170,-0.19,-1.02,2.37,-1.25,-0.06,-2.36,2.84950128,1
278,-0.81,-1.43,-0.9,-0.13,0.77,-1.94,2.87160372,1
746,0.92,0.26,-0.11,-0.93,0,-0.25,2.87676515,1
905,-0.58,0.43,0.82,-0.86,1.04,-0.87,2.88303506,1
709,-0.92,-1.48,1.11,-0.74,-0.39,0.22,2.88773289,1
724,0.78,-1.79,0.65,-0.19,-2.22,-2.12,2.8909763,1
852,1.49,-0.52,-0.15,0.45,-0.83,-1.41,2.90027576,1
623,-0.37,-0.53,-1.05,-2.14,-0.01,0.12,2.93412134,1
960,-1.9,1.35,-0.4,-0.02,-0.52,-1.74,2.93798769,1
772,0.95,-1.64,-0.93,0.94,-2.29,-0.88,2.95212174,1
666,2.19,-2.12,-1.97,-0.01,-2.33,-0.59,2.95399796,1
480,-2.02,-2.18,1.13,-0.74,-0.68,-0.32,2.96500725,1
872,1.28,-0.81,0.11,0.72,-1.13,-0.96,2.96847822,1
296,-1.38,0.18,-2.34,-1.28,0.97,-1.42,2.98613818,1
904,-1.91,-0.08,1.37,-0.85,-1.49,0.33,2.98952626,1
265,-0.23,1.73,0.3,-1.15,-0.23,-1.31,2.99946962,1
312,-0.93,-0.21,-2.12,-0.13,0.54,-2.27,3.00611799,1
246,2.09,0.14,2.11,-1.26,-0.85,-1.3,3.01407562,1
502,-0.68,0.83,-1.98,-0.99,-0.19,-2.22,3.01525766,1
231,-1.47,-2.36,-2.34,1.35,-0.67,-0.7,3.01542605,1
562,-2.13,1.4,0.88,-1.09,-2.07,-0.16,3.02005635,1
187,0.14,0.14,0.4,-0.66,-1.12,0.27,3.02579714,1
788,1.22,-0.08,2.15,-1.36,-1.59,0.04,3.03374489,1
596,0.83,0.03,-1.84,-0.23,0.77,-0.54,3.05343708,1
902,1.13,-0.43,0.71,-2.37,-0.71,0.31,3.0553317,1
76,0.66,-1.13,-0.68,1.04,-2.01,-1.74,3.06125355,1
776,-1.09,-2.26,-0.67,0.39,-0.94,-2.19,3.06521571,1
581,-0.25,-1.99,-1.22,1.44,-0.5,-0.52,3.06827052,1
348,-0.33,1.42,-1.4,0.28,-1,-0.81,3.07317174,1
7,1.35,-1.41,-2.36,1.34,-1.59,-0.41,3.07325073,1
202,0.69,0.99,-1.21,-2.13,-1.14,-1.76,3.07507847,1
441,-1.4,-0.09,-0.97,-1.31,-1.67,0.35,3.08418165,1
797,-0.92,-0.36,0.99,0.78,-0.36,-1.47,3.08743879,1
25,-1.89,-1.37,2.18,-2.13,-2.28,0.3,3.09156383,1
606,1.98,-1.39,-1.77,0.6,0.52,-1.51,3.09952203,1
809,-0.7,0.87,2.29,-1.16,0.85,-0.58,3.1043398,1
166,-2.11,-0.52,-0.52,1.12,0,-1.09,3.10548342,1
825,2.14,-0.38,1.77,-1.34,0.45,-0.99,3.10632781,1
291,1.17,-1.63,-0.4,1.12,-0.85,-1.56,3.10735724,1
737,1.73,0.54,0.35,-2.32,-1.79,-1.87,3.11511456,1
14,-1.39,-1.98,-0.84,1.31,-1.65,-1.2,3.11546915,1
338,-0.49,1.31,0.18,-1.33,-1.28,-2.34,3.11810059,1
124,1.49,-1.57,-2,1.64,-1.5,-1.05,3.13049143,1
383,-0.01,1.6,0.83,-1.85,0.32,-0.72,3.15131416,1
578,0.79,1.19,-0.07,-0.26,-0.7,-1.16,3.15477608,1
662,1.09,-1.76,0.09,-0.82,-1.29,0.44,3.17388482,1
400,0.18,-1,-2.31,-2.14,1.28,-1.49,3.18029125,1
521,2.1,-1.32,1.65,-0.26,-0.07,-1.16,3.19743147,1
612,1.43,0.7,-2.06,-1.68,-1.11,-1.32,3.20301932,1
835,-0.5,0.96,0.76,-1.37,-1.36,0.31,3.20430414,1
589,-1.47,1.79,2.33,-0.94,-0.39,-0.27,3.21078669,1
798,0.04,-0.18,2.32,-1.19,1.39,-1.03,3.21511455,1
823,-0.97,1.45,-2.21,0.02,-1.52,-0.42,3.2152981,1
678,0.93,-1.45,0.72,-0.36,1.2,-0.76,3.21578994,1
54,-1.65,0.81,-1.57,-0.29,0.33,-2.19,3.21827324,1
657,-0.18,-0.32,-0.17,-0.76,0.97,0.05,3.22697827,1
540,0.88,-1.83,-1,-0.79,1.34,-0.29,3.23279041,1
813,-0.5,0.33,-2.09,1,-0.22,-0.03,3.23645603,1
508,1.15,0.99,-1.38,-1.17,-1.86,-1.45,3.24024505,1
132,-0.06,1.69,2.22,-1.33,-2.25,-0.71,3.2406725,1
128,-0.33,-1.08,-1.14,1.58,-2.27,-1.53,3.2435576,1
812,0.28,1.24,2.18,-1.08,-1.06,-2.07,3.24459758,1
236,-1.87,-0.89,-2.32,1.2,-0.14,-2.17,3.24480723,1
789,1.47,-1.03,0.5,-0.88,1.4,-1.27,3.24528285,1
460,-0.31,0.81,-0.73,-1.04,-1.31,0.25,3.25773511,1
774,-2.24,1.51,0.32,-0.47,-1.39,0.02,3.27922918,1
593,0.88,0.79,-0.93,-0.39,0.27,-1.84,3.28705551,1
527,-1.24,-1.07,-0.35,0.96,0.12,-1.91,3.28788463,1
19,1.65,-0.19,-1.6,-1,0.42,-2.21,3.28935023,1
879,-1.57,1.56,-2.05,-0.87,-0.01,-0.44,3.29453187,1
738,-0.03,1.4,1.65,-1.77,-0.25,0.04,3.29966325,1
951,-0.09,1.36,-1.18,-2.1,-1.5,-2,3.30753266,1
106,1.6,-0.8,-0.73,0.27,0.71,-0.53,3.31188366,1
341,-0.87,-1.49,-0.26,1.17,-1.11,-0.1,3.31893702,1
866,-1.4,1.96,0.34,-0.76,-0.4,-1.94,3.32223252,1
646,1.26,0.02,1.08,0.34,-1.65,-1.19,3.32249222,1
323,-0.84,-0.39,0.6,-0.77,-2.33,0.47,3.32500666,1
1,-1.6,0.36,-1.79,-1.09,1.26,-0.53,3.32581209,1
574,-1.69,0.99,0.94,-1.08,-1.29,0.44,3.32787462,1
748,-1,0.77,-0.03,-1.14,-0.31,0.42,3.33549812,1
382,-0.89,1.2,-1.87,-1.74,0.08,-2.05,3.33623796,1
485,0.33,1.09,-1.92,-2.37,-0.59,-0.94,3.34433822,1
637,0.3,0.08,0.37,0.93,-1.07,-0.42,3.34690411,1
732,1.31,0.83,0.41,-2.1,-1.1,-0.12,3.35264292,1
272,-0.08,-2.11,1.22,0.75,-1.99,-0.81,3.35616732,1
264,0.46,-1.96,-0.48,1.55,-1.2,-0.65,3.3656149,1
604,1.46,-1.79,-1.13,-1.67,0.67,0.15,3.36755493,1
819,0.32,1.67,2.25,-1.16,-1.83,-1.63,3.37750455,1
115,-2.2,-1.13,-1.26,-1.98,-0.04,0.12,3.39645813,1
891,0.29,-0.26,-0.8,1.11,0.67,-0.73,3.40701856,1
40,-0.63,-2.22,-1.02,0.51,0.36,-2.24,3.41160504,1
225,0.81,0.01,1.13,-1.92,1.16,-0.11,3.41183359,1
22,0.67,-0.58,1.71,-0.95,-1.91,0.46,3.41264279,1
999,0.66,-1.56,1.26,-1.66,1.8,-1.6,3.41957704,1
785,0.33,0.26,1.14,-0.33,-0.68,0.29,3.42978447,1
751,-2.14,-1.25,-1.07,1.7,-1.65,-0.74,3.43318212,1
75,0.96,-1.55,-1.32,0.2,1.3,-1.96,3.43392083,1
200,1.74,-0.8,-0.91,1.07,-0.02,-0.73,3.44169661,1
177,1.45,-0.36,1.9,-0.14,-2.36,-0.73,3.44229864,1
257,-1.32,0.58,2.37,0.11,0.23,-0.55,3.44519304,1
494,-1.5,-1.74,-0.81,1.63,-0.54,-0.62,3.4554936,1
926,0.27,1.12,-1.65,-1.05,-0.9,-0.04,3.45760286,1
832,1.83,1.01,0.7,-1.4,-0.3,-1.57,3.46244299,1
73,1.39,-0.3,0.92,0.62,-0.32,-1.26,3.50169838,1
459,-0.04,2,1.88,-2.22,-0.16,-2.02,3.51279688,1
496,-0.74,-0.14,-1.27,-0.42,1.63,-0.33,3.51884605,1
964,-1.97,1.25,0.48,0.21,0.71,-1.35,3.5248499,1
816,-1.7,-0.65,-1.43,1.58,-1.96,-0.09,3.53169083,1
656,-1.19,0.04,-0.44,1.85,-0.81,-1.28,3.53660587,1
87,0.51,0.88,2.35,-0.16,-0.84,-0.44,3.53944686,1
667,-0.69,-1.67,2,0.12,0.7,-0.88,3.54700778,1
533,-1.36,0.53,0.9,-2.19,1.8,-0.75,3.55365743,1
937,0.91,-1.23,-1.07,1.28,-1.37,0.04,3.55464896,1
978,0.38,0.02,-1.73,-1.34,1.77,-1.38,3.56137599,1
757,2.23,-1.89,0.74,-1.72,0.72,0.1,3.56234924,1
549,0.93,1.19,-0.07,-0.17,-1.11,-0.38,3.5691465,1
492,0.45,0.18,-2.04,1.74,-1.15,-0.33,3.58755682,1
235,-1.85,1.5,-1.66,-0.46,0.53,-2.04,3.60528156,1
728,2.14,0.37,-0.86,0.18,-1.57,-1.3,3.61676315,1
919,1.01,-0.18,-1.98,-1.89,1.25,-2.01,3.61906584,1
862,-0.64,-1.09,-0.12,1.89,-0.98,-0.81,3.62152397,1
402,2.32,0,-1.16,-1.65,-2.21,-2.08,3.63033132,1
942,-1.59,-0.51,-1.89,0.26,-1.83,0.56,3.63208528,1
859,0.12,-1.44,-1.59,0.01,1.9,-0.58,3.63512566,1
718,-1.61,2.18,-1.24,-0.22,0.38,-1.03,3.64608386,1
280,0.6,-0.65,-0.47,-1.45,1.77,-0.26,3.64725189,1
27,-0.86,-0.85,1.49,0.99,-0.53,-1.74,3.65022437,1
215,0.58,-2.25,-1.59,-0.12,1.56,-0.24,3.65268892,1
842,-1.19,-0.29,0.54,1.22,0.32,-0.57,3.65974967,1
916,1.96,-0.59,-0.36,0.34,-0.42,-2.27,3.67052494,1
507,-2.33,-1.51,0.14,-0.45,-2.04,0.41,3.68590017,1
929,-2,-1.17,-0.01,-1.11,0.28,0.53,3.69795652,1
837,-1.58,-1.71,0.66,-0.15,1.38,-0.91,3.70304425,1
461,2.21,-1.16,-1.48,-0.25,1.58,-1.2,3.708579,1
245,0.09,-1.49,-0.64,-1.52,1.55,0.09,3.71013497,1
284,-0.78,-1.36,2.35,-0.63,1.4,-0.56,3.72104878,1
811,0.44,0.06,1.2,-2.18,1.11,0.27,3.7285015,1
453,-2.19,-0.92,-1.24,1.11,0.55,-1.99,3.74042744,1
195,0.89,-2.21,-2.14,-1.2,0.35,0.51,3.74595497,1
924,-2.09,0,1.96,-1.12,0.55,0.48,3.7667242,1
575,0.8,0.59,-1.6,1.48,0.08,-1.04,3.76737131,1
418,1.74,-0.98,0.43,-2.27,0.03,0.55,3.77024606,1
740,1.08,-1.36,1.65,0.69,0,-0.59,3.77533879,1
706,0.11,2.21,-1.24,-0.59,-0.73,-1.18,3.77730342,1
414,0.66,-2.3,-2.3,1.03,1.68,-1.14,3.78526993,1
411,-0.27,-2.17,1.24,-1.32,1.92,-1.38,3.7906124,1
13,2.07,0.06,0.98,-1.14,-1.9,0.08,3.79977088,1
333,1.49,0.23,-0.76,-1.06,0.84,-0.06,3.80277108,1
479,-1,-2.35,-1.56,-2.11,1.2,-2.17,3.81327771,1
394,0.25,0.93,-0.81,-1.58,1.64,-1.04,3.818519,1
428,-1.85,-0.01,-1.08,1.8,-1.45,0,3.83532308,1
694,0.81,-0.32,-0.56,0.61,0.7,0.03,3.83667563,1
607,0.52,0.03,0.31,1.24,-2.36,-1,3.83781408,1
683,0.06,2.1,1.49,-1.14,0,-0.37,3.84504391,1
286,0,2.31,-0.09,-1.05,0.04,-1.34,3.8479897,1
476,0.67,-1.08,2.09,0.29,-2.3,-2.14,3.85219412,1
930,-0.25,-2.2,-2.37,-1.32,0.67,0.41,3.86207326,1
826,0.53,-0.14,0.06,-0.5,1.52,-2.12,3.86360528,1
884,-0.51,-0.27,-0.02,1.17,0.27,0.07,3.89321528,1
398,-1.88,2.13,0.95,-0.68,-1.83,-2.32,3.9008591,1
216,1.88,-0.16,-0.1,1.1,-0.77,-0.82,3.91604892,1
839,-1.59,-0.03,-0.47,0.52,0.42,0.44,3.91638934,1
47,-0.02,2.07,-1.17,-0.69,-0.43,-2,3.91753651,1
359,-2.18,0.11,0.83,1.28,-1.27,-0.09,3.92157641,1
346,-0.33,1.27,-0.71,0.74,-1.59,0.02,3.92211006,1
139,-1.54,2.02,1.92,0.41,-1.6,-1.1,3.92552093,1
631,-1.28,1.72,-1.69,-0.44,0.61,-0.09,3.93560641,1
495,-1.55,1.14,0.25,-0.41,1.3,-1.98,3.94452158,1
700,-0.38,1,0.92,-0.31,0.66,-2.3,3.94582833,1
989,0.36,0.11,0.76,0.85,0.41,-0.28,3.95099114,1
561,-2.16,-0.13,0.91,0.24,1.45,-0.85,3.95263049,1
519,-1.72,2.24,-0.03,0.55,-0.89,-0.34,3.95995443,1
674,-0.16,2.11,-0.84,-0.15,-1,-0.29,3.96812867,1
403,1.87,0.05,-1.94,1.65,-0.91,-1.4,3.96847218,1
169,1.73,0.66,2.04,-0.12,-1.55,-0.85,3.96912148,1
546,-0.1,-0.58,2.28,-0.6,-1.37,0.8,3.97483918,1
21,-1.07,2.19,-1.67,0.26,-2.37,-1.29,3.98468255,1
958,-1.01,-1.33,-0.63,-1.41,1.29,0.4,3.987857,1
569,-0.17,-0.41,2.23,0.08,0.8,-1.98,3.98892896,1
117,-0.69,1.11,2.19,-1.26,1.71,-1.52,3.99844146,1
10,-1.79,1.18,-1.27,1.84,-1.42,-1.8,4.00188496,1
273,-1.24,-1.66,1.65,0.53,0.37,-0.15,4.00774594,1
725,1.46,-1.85,-0.7,-1.59,-1.58,0.82,4.03344037,1
161,0.88,0.74,-1.08,-2.27,1.55,-1.13,4.03776001,1
208,-1.62,-0.98,0.11,-0.85,1.88,-0.15,4.05395797,1
373,-0.39,0.17,-0.21,-1.19,1.94,-0.1,4.06696291,1
92,1.06,-1.51,-0.72,1.28,1.29,-1.2,4.06850593,1
419,-0.59,-1.24,1.32,-0.91,-1.65,1,4.07049199,1
407,1.11,0.2,-1.98,-0.07,-1.22,0.51,4.07443143,1
380,0.1,-1.06,-1.91,2.07,0.25,0.07,4.07785692,1
955,0.92,-1.59,-1.42,1.03,1.63,-1.71,4.08249898,1
360,1.7,-0.44,0.79,0.13,1.19,-1.48,4.08420603,1
632,-1.4,0.64,0.7,-1.11,1.99,-1.77,4.08918085,1
863,1.24,1.09,1.36,-1.19,-1.44,0.26,4.09008901,1
522,-2.01,2.12,2.08,0.14,-0.08,-1.54,4.09050424,1
504,-2.16,-1.45,0.94,1.45,-0.66,-1.25,4.09298213,1
285,1.77,-0.61,-1.26,-2.05,-0.76,0.57,4.09580799,1
316,0.04,0.53,-1.65,-0.31,0.16,0.61,4.10149112,1
719,-0.26,-0.54,1.28,0.49,-0.4,0.54,4.10685513,1
745,1.09,-0.79,1.91,-0.56,1.6,-1.73,4.10775771,1
97,-0.19,-2.18,0.3,-2.05,2.31,-0.84,4.10844909,1
55,0.03,0.05,-1.59,-1.86,1.79,-2.19,4.11340269,1
861,1.31,-2.19,-0.85,-0.05,-2.37,0.59,4.11573226,1
364,-0.24,1.65,-0.4,-1.33,1.13,-0.24,4.12005736,1
962,0.96,1.75,-1.06,0.07,-0.62,-1.78,4.12757847,1
658,-1.87,-1.88,1.56,1.12,-1.38,-0.54,4.13135622,1
39,2.29,-1.55,-2.24,0.18,1.61,-0.33,4.13382407,1
948,1.39,-2.06,0.62,0.43,0.47,-2.34,4.13719141,1
274,-0.11,-1.35,2.28,1.13,-0.75,-0.57,4.1425356,1
23,1.06,-1.05,-0.83,0.62,1.83,-0.67,4.14319401,1
319,0.43,-2.02,-1.71,1,-1.53,0.69,4.146857,1
967,-1.07,-0.74,1.45,1.36,-0.56,-0.15,4.15504934,1
50,1.59,-1.36,-1.04,-0.11,0.93,0.42,4.15731261,1
41,0.1,-1.54,-0.7,-2.21,-2.21,0.83,4.15905659,1
538,1.15,-0.14,0.86,-1,1.75,-0.2,4.15935964,1
676,0.71,1.69,-1.06,0.09,-0.52,-2.09,4.17150711,1
913,1.9,1.29,1.72,-1.11,-1.34,-1.99,4.17895509,1
230,1.07,1.46,0.34,-0.01,0.34,-0.69,4.18485377,1
318,2.37,-0.86,-1.15,0.16,1.5,-0.64,4.18713448,1
691,-0.43,0.65,0.54,-2.22,-0.03,0.84,4.18752644,1
357,1.15,2,1.93,-0.85,-1.02,-0.8,4.19366556,1
303,-2.3,1.89,1.72,0.8,-0.47,-0.61,4.20489462,1
327,0.01,2.27,-1.92,-0.82,-2.06,-1.19,4.20499907,1
197,-0.51,0.68,-0.41,0.85,-1.6,0.48,4.2077003,1
511,-1.41,-0.68,1.05,1.68,-0.04,-0.81,4.20800308,1
99,-1.38,2.26,-0.35,-0.96,-2.24,-2.35,4.20851169,1
102,-2.25,0.78,-0.67,-1.6,-0.12,0.73,4.20932812,1
242,-2.36,0.01,0.62,1.79,-0.73,-0.44,4.21152794,1
427,-0.53,0.24,-0.7,-2.23,2.19,-0.6,4.21645619,1
336,0.46,1.17,-1.86,-1.51,1.15,-0.31,4.236071,1
186,-1.79,-1.74,0.37,-1.3,-0.31,0.91,4.24496496,1
749,1.79,-1.51,-1.95,2.17,-1.26,-0.17,4.24592855,1
78,1.84,0.44,-0.81,0.42,-0.56,0.05,4.24952175,1
444,0.9,-1.51,0.21,1.28,-2.14,0.09,4.26407031,1
129,2.37,0.6,0.16,-1.88,-0.4,0.12,4.3018881,1
758,1.67,0.16,-0.1,1.18,0.3,-1.1,4.30559198,1
803,-0.3,-0.54,-1.49,1.79,1.56,-1.19,4.30689933,1
306,-0.63,2.11,-1.54,1.47,-0.56,-1.14,4.30784599,1
65,0.64,0.25,-0.41,1.7,-0.5,-1.96,4.31632198,1
88,0.32,0.27,-1.09,1.47,-1.31,0.33,4.32538683,1
462,-2.22,0.46,-2.09,-0.66,-1.3,0.82,4.32581973,1
210,0.94,-1.5,-0.03,-1.32,1.35,0.58,4.33188865,1
963,-0.66,-1.27,2.07,-1.11,0.36,0.93,4.33601522,1
974,-1.29,-0.73,-0.14,1.94,0.18,-0.16,4.33781454,1
347,-1.31,0.44,0.15,0.97,-1.84,0.54,4.3400756,1
189,-1.18,1.44,2.32,0.6,0.33,-0.65,4.34525468,1
858,-1.85,-1.59,-1.32,1.29,1.41,-1.65,4.35908368,1
301,-0.73,-2.27,-2.16,-0.14,1.55,0.27,4.35919105,1
478,1.21,-0.93,0.14,-0.29,2.25,-1.36,4.3593776,1
52,1.55,-2.18,-0.84,-0.2,-2.15,0.77,4.3718598,1
372,-2.35,-0.18,0.33,-1.62,-2.12,0.97,4.3766717,1
855,-1.96,-0.91,-0.83,-0.28,0.48,0.83,4.38909297,1
68,-1.21,0.61,-2.02,0.98,-1.7,0.7,4.39165298,1
269,-1.44,1.6,-2.08,2.05,-1.87,-1.76,4.40274452,1
841,1.88,2.05,1.25,-2.14,-1.16,-1,4.40556998,1
437,-1.06,0.66,0.59,1.92,-0.32,-0.68,4.41299437,1
297,-0.61,-1.43,1.22,1.18,0.07,-2.13,4.41304751,1
988,-1.83,0.79,-0.73,-1.62,2.3,-1.01,4.41915577,1
467,-2.09,-0.08,1.7,0.41,1.1,-0.06,4.42071252,1
931,0.19,-1.53,-0.12,-0.52,0.46,0.96,4.42116572,1
727,-0.13,2.32,0.42,-0.29,0.59,-1.55,4.42585316,1
324,-0.87,2.03,0.4,-2.21,1.51,-1.77,4.42760296,1
514,0.61,1.8,-1.68,-2.09,-2.24,-1.87,4.43087143,1
220,-1.15,-2,2.18,-0.24,0.83,-2.26,4.43161918,1
256,1.73,-1.97,1.09,-1.38,2.35,-1.51,4.43249761,1
259,-2,2.02,0.17,-0.39,0.98,0.07,4.46309631,1
368,-1,0.12,-1.04,0.63,2.25,-0.88,4.4653803,1
520,1.62,1.35,-0.9,-0.62,1.06,-1.05,4.46738648,1
903,-1.57,1.85,1.17,0.8,0.62,-1.17,4.46772257,1
845,-0.74,0.32,0.04,-0.18,1.85,-2.22,4.472483,1
647,0.92,1.71,-1.79,-2.3,-0.6,-0.41,4.48025779,1
996,-1.31,-1.89,0.35,-0.63,2.29,-0.82,4.48586122,1
263,2.3,-1.04,-0.67,-1.17,-1.03,0.82,4.49167797,1
708,1.57,0.47,-1.6,1.93,-0.23,-1.28,4.49180352,1
404,-2.05,0.2,2.1,0.42,-2.32,0.49,4.498934,1
83,1.61,-1.87,0.3,0.83,1.31,-1.7,4.50066786,1
433,0.7,-1.85,-0.03,0.27,1.43,0.28,4.50880337,1
698,-0.25,1.35,-1.8,2.03,-2.28,-1.18,4.51271749,1
625,0.45,-1.73,1.33,0.17,1.43,-2.11,4.5139232,1
329,-1.28,-0.83,1.18,-1.47,1.6,0.58,4.52577689,1
944,0.61,-1.63,-0.05,1.21,1.15,-0.08,4.52937032,1
587,1.06,0.62,0.7,-0.05,-2.32,0.35,4.5429505,1
449,-1.54,-1.76,0.05,-0.47,2.22,-0.51,4.54590741,1
266,-1.39,0.97,-1.73,1.91,0.2,0.2,4.55175253,1
415,1.88,-0.47,-1.16,1.89,0.33,-0.64,4.55441424,1
568,1.83,1.1,1.74,-1.65,1.42,-0.84,4.55923456,1
228,-2.11,1.9,-2.08,0.76,0.92,-2.06,4.56727228,1
77,1.18,-0.53,0.95,0.77,0.84,-2.05,4.5674683,1
378,1.12,-1.66,-2.33,0.43,-1.54,0.99,4.58908897,1
417,-0.2,-0.64,0.35,1.18,0.55,0.4,4.61307693,1
969,1.66,0.48,0.59,-0.08,0.02,0.35,4.61326651,1
848,-2.04,1.07,-1.69,-0.02,1.89,-0.15,4.61421273,1
270,0.92,0.9,2.01,0.42,0.55,-0.63,4.62088575,1
484,-0.1,-0.24,1.47,-1.43,2.26,-2.25,4.62376779,1
317,-2.32,0.78,2.35,1.42,-1.77,-1.06,4.62420217,1
457,-1.53,0.73,0.71,1.4,-0.86,-2.37,4.62468895,1
334,0.83,-2.22,-1.89,-0.85,1.19,0.73,4.6263105,1
206,2.19,0.79,-1.87,1.03,0.31,-0.86,4.63359062,1
704,-1.34,2.32,-0.19,0.67,0.53,-1.77,4.637104,1
435,-0.41,1.3,-1.33,2.11,-2.02,-0.48,4.66000018,1
298,1.63,-1.86,1.49,0.87,0.96,-1.03,4.66461761,1
498,-0.04,-0.24,0.1,0.74,0.69,0.62,4.67471348,1
159,0.75,1.3,-1.19,1.91,-0.6,-1.14,4.67651784,1
466,-0.23,0.67,1.73,1.4,-1.72,-1.73,4.68292793,1
770,-1.96,1.49,-1.63,-1.67,-0.85,0.69,4.68962083,1
834,0.48,-0.23,-2.06,-0.98,-1.94,0.97,4.70151602,1
773,-0.96,0.08,0.39,2.15,-0.73,-1.9,4.70473619,1
175,1.12,-2.29,-2.09,2.29,0.44,0.1,4.70854912,1
590,0.4,-0.12,1.69,1.16,-2.1,0.04,4.71187051,1
672,-1.07,-0.44,-0.83,-1.38,-2.21,1.14,4.71344866,1
759,0.54,0.13,2.02,0.94,-0.99,0.19,4.72463372,1
616,0.04,0.22,0.45,1.3,0.59,0.14,4.72787133,1
126,0.74,1.47,1.07,-1.03,1.83,-1.25,4.72900153,1
455,-0.36,2.28,-2.17,-2.04,-1.91,-0.51,4.73848997,1
503,2.05,-1.3,-1.47,-0.3,2.32,-0.37,4.73891586,1
35,1.92,0.45,2.06,-1.56,1.88,-0.65,4.74231556,1
470,-1.79,0.19,-0.2,1.35,1.74,-0.85,4.74234055,1
248,-1.33,1.06,-1.71,-2.16,1.78,-0.23,4.74351588,1
379,-0.2,0.16,0.65,2.11,-1.98,-0.67,4.74414671,1
190,-1.21,1.61,0.69,1.55,0.16,-0.57,4.75304887,1
481,2.04,0.42,1.37,-0.35,1.16,-0.38,4.75861866,1
833,-1.11,-1.32,-1.23,1.19,-1.2,1,4.76768982,1
801,1.51,1.95,-1.83,0.36,-0.52,-1.51,4.77327971,1
853,1.14,0.34,1.4,-1.43,0.37,0.89,4.80402471,1
475,-2.37,-0.78,-1.89,-0.51,2.33,-0.3,4.80793987,1
385,-2.35,-1.61,-2.11,1.73,-0.92,0.68,4.80896111,1
810,1.05,0.86,0.06,-1.06,1.07,0.44,4.8122552,1
747,-1.57,1.91,2.04,0.85,-2.26,-0.26,4.81523599,1
232,1.75,0.14,-1.63,-1.83,0.51,0.53,4.8288393,1
650,0.43,0.31,-1.41,-0.27,-2.11,0.93,4.83076458,1
973,2.28,-1.38,1.69,0.71,-1.05,0.12,4.83201211,1
465,-0.53,0.92,-2.28,2.3,1.05,-1.71,4.83807322,1
671,-0.98,-1.34,-0.14,0.53,-0.68,1.13,4.84095946,1
369,-0.1,-1.61,1.32,1.54,0.02,0.02,4.84313385,1
395,0.61,2.33,-1.83,-1.54,-0.32,-2.11,4.84396009,1
483,0.24,-0.53,-1.66,1.28,2.35,-1.35,4.84687444,1
651,-1.51,-0.35,2,1.82,-0.88,-0.4,4.85867572,1
156,-1.76,0.95,1.59,-1.58,0.45,1.09,4.85996709,1
307,-1.68,1.65,-2.28,0.11,-1.92,0.67,4.86943059,1
820,-1.42,0.92,-0.2,1.5,-0.54,0.58,4.8715496,1
541,1.46,0.19,-1.39,0.99,1.86,-0.87,4.88254184,1
689,-1.89,1.21,-0.95,0.21,-0.44,0.99,4.88338789,1
155,-0.84,1.42,-0.13,0.93,0.49,0.38,4.88544677,1
432,-0.94,-1.77,-1.35,0.74,-0.31,1.11,4.88801803,1
271,-1.57,1,0.02,0.2,2.14,-1.73,4.89002528,1
959,-1.43,-0.95,-1.59,1.67,-0.72,0.93,4.89213517,1
669,-2.1,1.58,-0.31,2.37,-1.49,-1.16,4.89258629,1
753,2.35,0.52,0.07,0.32,-1.49,0.08,4.92127678,1
351,-1.93,1.92,0.14,0.44,-2.05,0.58,4.92949798,1
60,1.75,-0.78,1.41,-0.4,-0.22,0.91,4.93251144,1
889,-0.85,-0.05,-0.43,1.74,1.2,0.07,4.95415271,1
972,-2.03,1.84,-2.35,-0.17,2.08,-0.92,4.95452342,1
554,-1.22,2,0.24,1.27,-2.1,-0.04,4.96731955,1
796,2.19,0.94,-1,-1.34,-1.75,0.25,4.96822886,1
26,-0.33,0.43,-2.03,1.63,-0.87,0.85,4.97408036,1
628,-1.24,-0.38,1.3,0.25,2.34,-1.19,4.9801919,1
173,-1.33,-2.28,1.17,0.9,0.26,0.35,4.99676216,1
726,-0.27,2.23,1.66,-1.7,1.9,-0.65,5.00256599,-1
711,1.91,1.62,-0.23,0,-1.92,-0.47,5.00554208,-1
53,1.94,-0.63,-1.18,-2.33,1.88,0.11,5.00762311,-1
615,1.05,1.41,1.38,-0.98,1.62,-1.91,5.01644169,-1
500,-0.41,0.66,-0.23,2.24,-2,-1.95,5.01660328,-1
805,-1.88,-2.07,1.27,1.78,-0.29,-1.18,5.0197776,-1
576,-0.71,1.07,0.72,0.81,-1.97,0.67,5.02234064,-1
993,0.82,-1.64,0.63,2.23,-0.07,-1.29,5.02560796,-1
322,2.12,-1.72,-1.37,-0.37,-1.55,1.08,5.02810511,-1
849,-1.43,2.33,-0.72,1.94,-1.35,-1.51,5.03477605,-1
925,-0.68,2.15,-0.31,-1.14,1.61,-2.13,5.04206727,-1
268,-0.31,-0.9,-2.2,0.18,1.3,0.95,5.04966362,-1
490,-2.04,-1.83,2.32,1.14,-1.17,-2,5.05136975,-1
856,-2.32,-0.07,1.74,1.82,-0.46,-1.68,5.05195037,-1
638,-2.23,1.95,-0.1,-1.86,2.02,-1.88,5.06017708,-1
952,1.17,-0.37,0.04,0.41,1.23,0.52,5.0652143,-1
713,0.87,-1.16,0.44,2.01,0.83,-1.03,5.06524052,-1
731,0.23,1.2,-1.28,1.48,1.42,-0.52,5.06632102,-1
869,-0.87,1.77,-1.46,-0.38,-2.01,0.74,5.07699406,-1
153,0.32,-2.3,2.14,1.4,-0.03,-1.56,5.08520826,-1
591,-0.93,1.06,-0.52,2.32,0.48,-0.4,5.0930362,-1
766,1.66,-1.81,0.7,1.53,0.93,-0.57,5.1123657,-1
46,-0.08,-0.01,1.18,1.23,0.35,0.45,5.11822142,-1
24,-1.77,-2.1,0.04,0.64,1.52,0.12,5.11914576,-1
684,1.42,-1.81,-0.12,0.21,-2.32,1,5.13732827,-1
71,-1.02,0,1.51,2.02,-2.36,-0.43,5.14315497,-1
196,-1.8,-0.35,1.97,1.77,0.14,-1.47,5.14469214,-1
240,0.78,2.26,-2.09,1.2,0.13,-1.16,5.15215853,-1
690,-1.61,-2.36,1.19,1.15,0.56,-1.93,5.16440875,-1
310,-2,1.64,0.44,-2.11,2.18,-0.07,5.17158878,-1
552,0.04,-1.2,1.91,2.06,-1.38,-0.73,5.17493831,-1
705,1.42,0.38,-0.51,1.75,0.36,-1.98,5.1781943,-1
594,-0.76,-0.25,-1.36,-1.48,-1.31,1.37,5.18053392,-1
4,0.34,-2.31,-1.53,1.11,1.62,0.48,5.22194452,-1
445,-0.48,-2.34,-0.54,1.88,1.23,-1.91,5.2298859,-1
778,-1.76,0.88,0.1,2.17,-2.17,-2.11,5.23527771,-1
733,1.1,-2.21,0.62,-1.39,1.31,0.98,5.24222176,-1
846,2.03,0.47,-1.04,0.7,1.79,-1.16,5.24357578,-1
487,-0.5,1.63,0.38,-1.43,-1.71,1.07,5.25171074,-1
680,-1.52,-0.74,1.66,0.27,2.19,-0.27,5.25553083,-1
828,0.31,0.45,-0.45,2.18,0.5,-1.95,5.25581659,-1
45,-1.27,-1.81,0.79,0.77,1.59,0.14,5.2646046,-1
821,-2.25,0.72,1.72,-1.31,0.35,1.28,5.26683641,-1
12,-1.23,2.18,-1.46,-0.54,1.85,-2.01,5.26928328,-1
370,-0.86,0.55,-1.44,0.64,2.28,0.12,5.27555053,-1
477,-2.09,-1.38,-2.34,0.04,-0.84,1.3,5.2798675,-1
70,0.44,1.23,-0.56,1.91,-1.06,0.08,5.28303591,-1
880,0.17,1.71,1.22,0.11,1.78,-1.03,5.29096425,-1
5,-1.97,-1.47,2.26,0.05,0.16,0.91,5.32173215,-1
627,1.37,1.78,-2.33,-2.37,0.4,-2.06,5.3330577,-1
450,-0.77,-0.53,-0.76,-1.41,-1.2,1.52,5.33550261,-1
219,-2.19,2.32,2.3,0.78,-1.35,-2.2,5.33652038,-1
252,-0.7,1.21,-0.87,1.38,0.97,0.44,5.35724862,-1
146,0.53,-1.1,-2.11,2.16,1.64,0.2,5.368897,-1
868,1.26,1.8,0.1,1.25,-1.6,-1.2,5.37018913,-1
912,-2.14,-2.37,0.22,2.17,-0.18,-1.48,5.37380305,-1
626,-0.93,-2.37,-0.96,-0.96,2.02,0.55,5.37584677,-1
408,2.13,1.57,-1.79,1.02,-1.6,-1.64,5.3820957,-1
754,0.88,-1.43,0.87,1.05,1.87,-0.31,5.38471799,-1
545,1.27,-0.11,-0.72,1.43,0.01,0.69,5.38528524,-1
36,-0.83,-1.92,-2.19,-1.94,-1.02,1.26,5.38608812,-1
703,0.75,1.06,1.86,-0.94,-1.77,1.05,5.38762452,-1
247,-0.55,1.16,-2.17,-0.62,-1.47,1.11,5.3972613,-1
211,-0.69,0.19,0.21,1.78,1.47,-0.15,5.39852157,-1
786,1.12,-0.28,-1.11,0.63,2.2,-2.31,5.40140125,-1
573,0.57,-1.34,1.77,-1.1,1.25,1.1,5.4109744,-1
204,-1.04,1.58,0.33,0.99,1.91,-1.1,5.41119257,-1
882,-1.91,1.25,1.17,1.52,-2.26,0.35,5.41256245,-1
530,1.67,1.04,0.33,-0.67,1.96,-0.34,5.42099906,-1
412,0.94,-1.88,0,1.75,1.04,-2.24,5.43959093,-1
710,0.94,-1.93,1.38,2.16,-1.43,-1.59,5.44456402,-1
898,-0.69,2.19,-0.99,1.81,-1.27,0.1,5.45526474,-1
422,0.67,-2.24,-0.09,2.25,-2.31,-2.28,5.45949337,-1
897,-0.87,-1.24,-0.05,2.29,1.29,-0.44,5.46374873,-1
665,1.57,-0.07,0.7,1.06,0.79,-2.36,5.47778948,-1
597,1.25,1.17,-2.31,0.72,2,-1.65,5.48117817,-1
61,1.55,1.65,2.12,-1.91,1.83,-0.41,5.4812979,-1
469,-0.23,-1.18,-0.18,0.69,0.1,1.29,5.49145441,-1
122,1.07,0.06,1.16,1.45,1.1,-1.56,5.49209544,-1
409,-0.49,2.32,-2.24,1.55,1.17,-1.6,5.49854643,-1
328,1.89,1.32,0.99,-1.78,1.48,-2.37,5.50153184,-1
550,-1,-1.32,1.64,0.48,1.32,0.62,5.50465096,-1
299,-1.97,-1.76,1.51,1.92,0.22,-0.55,5.52658422,-1
340,-1.99,-0.66,0.38,1.89,1.6,-1.27,5.53990943,-1
938,-1.98,-0.85,0.85,1.23,1.35,-2.23,5.54623799,-1
792,-0.75,-0.91,-0.84,2.03,2.09,-0.45,5.54642292,-1
66,-0.23,-1.48,0.72,1.73,1.69,-0.65,5.5541303,-1
659,-2.1,2.07,0.64,-0.03,1.15,0.61,5.5628328,-1
326,0.3,-0.19,-1.36,2.35,1.94,-1.02,5.56375949,-1
537,-1.96,1.48,0.26,2.15,0.2,-1.95,5.5710003,-1
636,-1.13,-1.44,1.3,1.35,-0.4,0.83,5.57235461,-1
928,0.71,0.92,-0.2,2.2,-2.04,-0.26,5.5938425,-1
371,0.58,1.12,1.28,0.77,1.46,-0.25,5.5950073,-1
2,1.86,0.76,2.31,-1.22,0.67,0.72,5.60195347,-1
873,-2.11,0.46,0.26,-1.01,1.11,1.21,5.60668484,-1
970,-1.87,-1.98,-1.84,1.98,2.14,-1.22,5.61374206,-1
739,-1.19,-1.11,2.02,0.52,1.84,0.16,5.6205457,-1
182,1.05,-2.31,2.25,0.01,1.35,0.5,5.63765402,-1
601,1.55,0.06,1.44,1.79,-1.65,-0.39,5.64129332,-1
350,-0.21,1.03,1.29,-0.83,1.14,1.04,5.64710715,-1
961,1.95,-0.3,1.32,1.01,1.41,-1.48,5.64887815,-1
253,-1.93,-2.28,-1.98,1.9,-2.26,0.81,5.64986444,-1
237,-1.59,-0.09,-1.42,2.06,0.98,0.72,5.65381336,-1
976,-2.19,-0.62,2.29,0.36,0.09,1.07,5.6647281,-1
524,1.05,-1.58,-0.22,-0.85,-0.92,1.59,5.66560609,-1
781,-1.37,-0.63,-0.77,1.96,2.26,-0.7,5.66646366,-1
730,2.24,-1.83,-2.14,2.14,1.51,-2.22,5.67067045,-1
560,-0.57,-0.24,-1.35,0.09,-1.29,1.57,5.68120272,-1
954,-1.94,-2.31,-0.64,2.36,-1.39,0.41,5.68257296,-1
685,2.03,0.91,-1.5,1.95,-1.72,-0.32,5.68692491,-1
956,-1.25,-0.3,1.16,1.93,1.39,-0.54,5.69155011,-1
222,0.35,-0.12,1.5,2.21,-2.35,-0.57,5.69370742,-1
125,1.55,0.74,2.18,-2.1,-1.03,1.26,5.70001884,-1
543,-0.66,2,1.68,1.47,-2.36,-1.59,5.70069592,-1
941,0.53,1.44,1.3,0.42,1.44,-2.05,5.7026526,-1
468,-0.56,0.59,-0.7,1.69,2.26,-1.4,5.70701505,-1
619,-0.75,0.81,0.95,-2.35,2.23,0.66,5.71133032,-1
473,-1.51,-2.05,2.12,0.61,-1.76,0.96,5.72029553,-1
791,0.6,0.54,-1.78,2.33,-0.45,0.64,5.7277684,-1
396,-1.87,-1.1,-0.68,1.38,-0.23,1.22,5.74068826,-1
436,1.11,2.29,-1.36,-0.46,0.74,0.02,5.74083956,-1
72,0.41,2.12,-1.79,1.88,0.82,-0.69,5.74698638,-1
517,0.02,-1.83,-1.86,-1.46,0.58,1.41,5.74779504,-1
229,1.98,-0.17,0.86,0.88,-1.56,0.68,5.74912573,-1
390,2.19,-1.17,1.06,1.51,-0.87,0.35,5.75548792,-1
630,2.1,1.38,-0.07,0.34,1.41,-1.27,5.76217297,-1
617,0.95,0.55,-0.54,1.63,-0.75,0.75,5.78028912,-1
634,-1.97,1.36,-1.32,2.24,-1.62,0.72,5.78464534,-1
840,-2.14,1.21,1.83,1.31,1.25,-0.09,5.79187781,-1
250,0.43,1.26,1.94,1.62,-0.5,-1.72,5.79759508,-1
983,1.63,-1.14,0.29,0.85,1.27,0.66,5.81497035,-1
283,0.52,-1.93,-1.64,2.15,-2.37,0.89,5.81800054,-1
107,-1.87,1.38,-1.98,1.83,2.36,-0.98,5.82501862,-1
413,-1.76,0.92,-2.23,-2.25,1.87,0.35,5.82596582,-1
452,-2.05,0.75,-1.72,2.1,0.52,0.87,5.83802487,-1
505,-1.49,-0.1,0.68,-1.73,2.07,0.98,5.84166235,-1
932,-2.04,-0.24,0.66,1.96,-1.54,0.82,5.84535708,-1
767,0.58,0.15,-0.7,1.66,2.16,-1.77,5.86587432,-1
118,1.47,0.91,0.82,1.26,1.25,-1.27,5.87326641,-1
765,-1.98,-1.29,1.95,-1.93,1.1,1.32,5.87612342,-1
11,0.73,1.06,-0.75,1.94,-0.3,0.49,5.89722498,-1
109,-0.86,-2.24,1.59,-0.69,1.08,1.18,5.9072516,-1
198,-0.4,-0.57,1.19,1.22,2.23,-1.61,5.91053707,-1
761,1.59,0.03,2.01,-2.08,1.26,1.12,5.92568652,-1
74,-2,-1.61,-1.18,-1.08,0.1,1.49,5.930636,-1
51,-1.88,-0.95,-1.48,2.2,0.53,0.94,5.94057733,-1
112,2.25,0.23,-1.36,1.04,2.22,-1.43,5.94813041,-1
343,-1.47,0.39,1.33,0.96,0.76,0.98,5.97942114,-1
183,-0.63,-1.49,0.73,0.25,-0.78,1.59,5.98188607,-1
463,-1.15,2.25,-0.34,1.14,1.4,-2.14,5.98752444,-1
130,-1.58,-0.5,-0.06,-1.75,0.34,1.63,5.99253742,-1
147,-0.49,-1.95,0.33,1.9,-0.01,0.83,5.99790275,-1
635,1.85,-0.54,0.08,1.55,1.87,-0.51,6.00084698,-1
8,0.51,-2.24,-0.57,1.98,1.74,-2.15,6.02048422,-1
362,0.74,1.18,-1.04,-0.93,1.1,0.97,6.02279618,-1
356,0.89,-2.35,1.5,1.51,1.23,-0.13,6.02514216,-1
6,-1.39,0.88,-0.5,0.75,-1.76,1.41,6.03160853,-1
559,2.17,2.21,-2.05,-2.07,-0.94,-0.51,6.04268847,-1
332,-2.17,-0.17,-0.4,2.34,1.38,0.19,6.05387675,-1
90,2.24,1.7,-0.76,-1.74,0.5,0.27,6.05638866,-1
84,-2.23,1.6,1.15,1.02,-2.02,1,6.0691007,-1
392,0.2,-0.83,1.7,0.19,1.19,1.13,6.10552834,-1
342,-0.1,-0.21,-0.72,2.11,2.37,-1.45,6.13152848,-1
532,2.17,-1.48,-0.88,0.27,1.06,1.15,6.15436559,-1
525,0.97,-0.78,0.57,-1.31,-0.79,1.77,6.15484736,-1
148,-2.2,0.75,-1.8,-2.1,0.1,1.31,6.18036862,-1
18,-0.36,1.9,-1.4,0.05,-1.77,1.14,6.18201186,-1
947,0.98,-0.43,-0.17,-1.79,-0.8,1.71,6.1844741,-1
584,-1.6,0.85,-1.45,-1.15,1.74,1.07,6.18838302,-1
981,0.83,1.57,-1.25,1.66,0.89,0.25,6.19722307,-1
349,0.94,-1.48,-2.04,2.19,-2.21,1.1,6.1996698,-1
795,-2.06,0.13,-2.06,-1.65,0.59,1.38,6.20629634,-1
213,0.06,1.65,2.31,-2.08,0.81,1.27,6.21153651,-1
909,-0.81,1.74,0.72,-1.66,1.46,1.07,6.2178669,-1
966,0.14,0,-1.47,0.96,0.45,1.44,6.22399917,-1
920,1.49,1.49,0.75,-1.57,-1.92,1.05,6.23179143,-1
629,0.65,0.69,-1.74,0.09,0.83,1.26,6.23591196,-1
613,0.17,-0.26,1.65,-1.02,0.67,1.63,6.24906504,-1
946,1.28,2,-1.33,-0.42,1.24,0.32,6.25296963,-1
410,0.43,1.92,1.47,1.13,-0.33,0.38,6.25513133,-1
85,-0.24,-1.53,1.9,0.81,2.31,-1.86,6.27197164,-1
42,0.19,1.91,0.53,-2.15,-1.61,1.26,6.28624744,-1
603,2.3,2.16,-1.31,0.22,0.24,-2.05,6.29001097,-1
376,1.88,0.7,0.69,1.76,0.6,-0.37,6.29271367,-1
611,-0.82,-0.98,0.52,-2.22,1.94,1.27,6.3133637,-1
566,-0.54,1.94,1.16,1.9,0.25,-1.93,6.3227573,-1
906,1.27,-2.11,0.08,1.69,-1.79,1.04,6.32440232,-1
697,1.99,1.73,-1.7,0.01,-1.16,0.58,6.33077087,-1
599,0.48,1.14,-0.76,0.57,1.87,0.64,6.35421072,-1
624,-2.11,-0.71,-1.03,-1.37,1.49,1.33,6.35735536,-1
354,-1.67,1.46,0.67,2.29,1.4,-1.04,6.3721465,-1
302,-2.06,0.71,0.96,-1.15,2.21,1.01,6.37370842,-1
15,1.22,0.36,0.02,-1.85,-1.03,1.6,6.375536,-1
608,-1.89,-0.77,1.58,-1.75,0.47,1.76,6.37562108,-1
990,0,1.83,-2.06,2.11,1.9,-1.57,6.37878885,-1
720,-1.07,-1.14,-1.85,1.69,-2.36,1.44,6.38519378,-1
558,-0.87,-2.3,1.63,2.04,0.95,-0.4,6.38693178,-1
108,0.41,2.08,1.78,-1.86,-0.78,1.32,6.38716538,-1
900,-1.18,-0.54,0.61,2.24,0.35,0.78,6.38737521,-1
282,0.82,1.01,-1.48,-1.62,0.05,1.32,6.38763489,-1
258,-0.71,1.81,2.02,-0.06,2.36,0.02,6.39232544,-1
142,1.28,-0.19,-0.6,-1.94,0.73,1.48,6.40024095,-1
150,-0.8,0.18,0.71,-0.33,-0.87,1.84,6.40816941,-1
768,-1.96,1.14,1.15,-0.86,0.63,1.59,6.41333539,-1
137,-0.2,-1.46,0.73,0.99,2.24,0.48,6.41382884,-1
875,1.41,0.36,-0.25,1.13,2.09,0.16,6.42222665,-1
212,-1.35,2.34,-2.32,-1.42,-0.72,1.06,6.43781062,-1
653,1.49,-1.92,1.34,0.17,-1.3,1.52,6.43999052,-1
172,1.13,-0.07,1.46,0.45,1.63,0.76,6.44716428,-1
458,-1.3,1.28,1.04,1.94,0.65,0.51,6.45228908,-1
817,-2.12,1.86,-0.05,-0.03,1.07,1.21,6.45763212,-1
276,1.21,1.01,1.81,-1.63,-0.17,1.49,6.46028146,-1
287,-2.16,-1.11,-1.35,-0.81,0.58,1.64,6.49376274,-1
440,0.33,-1.95,-1.4,1.51,2.04,0.82,6.50211253,-1
664,1.04,-0.22,-0.26,0.62,-0.21,1.54,6.5027474,-1
16,-1.83,2.36,-0.56,2.02,1.75,-0.68,6.50366504,-1
488,-0.57,-1.09,0.9,-1.01,1.75,1.45,6.52814822,-1
877,-1.41,-0.46,1.65,-0.42,2.06,1.13,6.5377032,-1
867,-0.6,0.11,-1.08,0.15,-1.66,1.8,6.53877291,-1
136,0.55,1.38,-1.98,0.8,1.39,0.86,6.53895416,-1
643,-2.15,-2.26,1.96,1.08,1.26,-2.09,6.55159422,-1
93,-2,2.02,-0.77,-0.26,-1.16,1.52,6.55585943,-1
438,-1.48,0.09,0.3,1.45,-1.29,1.5,6.5732497,-1
780,1.9,-0.9,0.91,2.26,0.76,-1.82,6.58166857,-1
454,-1.71,0.88,-1.93,-1.49,2.05,0.97,6.5872241,-1
802,-1.23,-1.39,1.73,-1.49,-0.51,1.97,6.59029896,-1
387,-1.2,0.94,1.82,1.45,2.21,-0.86,6.60339572,-1
831,1.94,1.5,1.21,-1.33,-1.74,1.07,6.61305761,-1
120,0.51,2.19,0.66,1.97,-0.81,-1.88,6.6136446,-1
609,0.22,0.79,-0.57,0.02,0.49,1.55,6.62080955,-1
965,1.07,-0.11,-1.48,-2.09,-2.29,1.48,6.633634,-1
321,1.81,1.9,0.92,0.47,1.41,-1.65,6.64214186,-1
69,-1.87,-0.69,1.58,2.07,1.35,-1.86,6.64351914,-1
226,-0.27,2.21,-1.96,-0.01,1.33,0.83,6.65212088,-1
123,-2.29,-1.84,-0.42,2.27,0.93,0.6,6.65366661,-1
717,-2.05,-2.33,1.99,-1.27,1.17,1.3,6.65929584,-1
48,1.75,-0.89,-1.47,-0.41,1.42,1.39,6.65966835,-1
361,0.84,0.75,-1.78,-1.94,1.18,1.17,6.66524088,-1
556,1.39,1.73,-0.3,-1.28,-0.63,1.18,6.66662802,-1
261,0.38,2.34,0.89,-1.72,1.27,0.87,6.69160325,-1
1000,0.48,0.19,1.1,2.36,-1.33,0.57,6.69376816,-1
649,0.38,0.89,1.97,0.39,2.37,-2.13,6.69593793,-1
648,-0.55,-0.56,0.67,0.42,-0.61,1.84,6.72600788,-1
214,0.37,1.27,-0.49,1.65,2.09,0.04,6.75156486,-1
979,0.66,-1.18,-0.23,-1.02,-0.18,1.97,6.77562599,-1
424,-1.54,0.61,1.95,2.2,1.44,-0.6,6.7797684,-1
518,2.1,-2.07,1.58,2.07,0.47,-0.07,6.77983438,-1
358,-2.01,2.09,-0.8,-1.42,1.87,0.93,6.78604531,-1
784,-1.37,-1.29,-1.66,-2.36,2.26,0.96,6.78759978,-1
131,1.32,-0.15,0.75,0.91,0.53,1.25,6.80236923,-1
308,-0.33,0.19,2.24,-0.8,-0.6,1.95,6.82064313,-1
893,1.26,2.14,0.09,-0.59,2.17,-0.03,6.8220553,-1
255,0.67,-0.58,-2.18,-0.22,0.61,1.77,6.82231948,-1
314,2.08,1.35,0.3,0.92,-1.17,0.66,6.82334373,-1
655,0.04,1.17,-0.58,2.37,1.77,-1.9,6.8337128,-1
783,0.19,0.37,-0.21,0.37,1.89,1.2,6.85426864,-1
734,-1.32,-1.43,2.17,2.19,-1.69,0.63,6.86322465,-1
857,1.17,1.98,1.79,-1.6,1.75,0.67,6.86506068,-1
777,0.44,2.01,-1.88,-1.39,-1.97,1.08,6.86727026,-1
949,-1.76,-1.22,0.24,0.1,0.83,1.69,6.87052742,-1
890,-0.6,2.13,-0.89,-1.63,-0.99,1.46,6.89404859,-1
509,-1.2,2.15,1.88,-0.34,1.45,1.08,6.89409711,-1
430,1.96,1.13,0.7,-1.17,0.95,1.12,6.89764266,-1
542,1.84,-0.5,-0.98,-1.79,-1.97,1.66,6.91145174,-1
443,1.28,1.25,0.4,2.01,1.14,-1.76,6.92222999,-1
582,2.1,-0.88,-0.54,-1.59,-2.33,1.65,6.92318281,-1
688,1.87,-0.7,-1.7,-0.36,1.14,1.52,6.92386482,-1
883,-0.08,1.81,0.68,1.97,1.58,-1.45,6.92662585,-1
111,1.69,-1.39,-1.4,1.14,-0.83,1.67,6.93188351,-1
975,1.73,0.18,1.56,2.29,-1.8,-0.13,6.94037843,-1
391,-2.27,-1.7,0.22,-0.53,-0.83,1.9,6.94771757,-1
876,0.45,-1.93,-0.8,-1.75,1.58,1.6,6.95551731,-1
673,2.27,2.25,0.15,-1.38,1.98,-0.63,6.97086927,-1
921,0.81,-1.48,0.68,-1.77,1.01,1.84,6.98877537,-1
34,1.5,0.96,1.76,1.38,0.05,0.55,6.995959,-1
313,1.48,2.3,-0.05,-2.09,-1.79,0.87,6.99906424,-1
162,-1.44,-0.36,-0.39,-0.56,-1.5,2.07,7.00381945,-1
741,0.62,2.35,1.56,-1.11,0,1.26,7.01348379,-1
551,-1.57,-0.35,0.87,0.48,-1.56,1.9,7.01904154,-1
133,1.87,2.3,-0.44,1.79,-0.49,-1.55,7.0258916,-1
818,2.34,-0.53,1.7,-2,2.23,1.04,7.02592701,-1
426,1.88,2.01,1.41,-2,-0.82,1.13,7.03621859,-1
997,-1.54,-1.92,0.94,-0.68,1.76,1.41,7.03705874,-1
37,-2.15,2.11,-1.25,-0.41,2.28,0.81,7.04816213,-1
425,0.14,2.01,2.02,0.91,1.8,-1.82,7.05775891,-1
499,0.91,-1.72,1.22,0.78,0.76,1.43,7.06480088,-1
939,-1.55,-0.99,1.33,0.87,-2.3,1.65,7.06506819,-1
91,1.33,2.23,-0.79,-0.53,0.03,0.99,7.0661944,-1
224,-1.52,0.47,-1.33,-1.86,-0.26,1.88,7.08329714,-1
851,-0.4,-1.9,0.06,1.57,0.66,1.41,7.08471418,-1
743,0,-1.78,-0.11,0.9,-2.1,1.78,7.08934751,-1
564,1.88,-2.24,1.96,1.12,0.2,1.03,7.1002945,-1
567,-2.07,2.17,1.31,0.24,-0.17,1.56,7.1104585,-1
305,0.66,1.72,2.26,-2.12,1.67,1.18,7.1265347,-1
579,-0.8,1.15,-0.8,2.14,-2.11,1.25,7.14869262,-1
807,1.27,1.15,-1.41,-0.5,-0.57,1.56,7.15462558,-1
464,1.56,-2.03,-0.1,1.19,2.1,0.84,7.16147461,-1
138,2.21,-1.49,1.31,2.27,0.64,0.05,7.16480585,-1
238,-0.31,1.89,-1.24,2.13,-2.32,0.89,7.20473361,-1
439,-1.57,-1.53,1.69,0.63,2.32,0.71,7.20825781,-1
886,-0.6,0.62,-0.3,-1.76,-1.97,1.96,7.21675814,-1
699,-1.18,-0.43,-1.51,2.37,2.29,0.73,7.22295843,-1
113,0.93,1.38,-0.49,-2.24,-0.63,1.58,7.25216518,-1
794,0.37,1.89,0.36,0.73,1.89,0.6,7.26865472,-1
729,1.92,-0.18,-2.23,2.29,-0.57,1.28,7.27789633,-1
352,2.35,-1.37,2,1.79,1.57,-1.15,7.28285962,-1
577,-0.49,-2.23,-2.17,-0.52,1.8,1.59,7.29271203,-1
493,-1.08,0.71,-1.43,-1,1.33,1.71,7.29492409,-1
267,0.48,1.12,-1.05,1.37,-0.16,1.49,7.29584643,-1
482,0.22,1.6,0.1,0.12,-0.68,1.66,7.29604496,-1
144,0.67,-0.89,2.23,-1.92,2.37,1.43,7.30412401,-1
787,-1.42,-0.66,-1.64,-0.59,2.21,1.49,7.31075467,-1
750,2.3,-0.01,-0.02,-2.03,0.67,1.59,7.31366972,-1
234,2.32,0.53,2.27,2.01,-1.78,-1.02,7.32211632,-1
57,-1,-2.05,0.59,1.66,-1.44,1.55,7.33398507,-1
158,0.14,1.94,-0.71,-1.3,-1.12,1.62,7.33402821,-1
151,-0.91,1.17,0.03,0.92,-0.68,1.79,7.34974083,-1
145,-0.55,0.06,0.05,-1.82,1.1,1.92,7.35114834,-1
583,-0.08,-2.17,0.74,-2.09,-2.27,2.08,7.3558479,-1
209,-0.5,0.39,-2.22,-1.49,2.28,1.27,7.36129747,-1
642,-0.27,1.33,0.28,2.04,2.11,0.09,7.36492813,-1
557,-1.01,0.75,-0.99,2.12,1.6,1.09,7.37595731,-1
660,-1.92,-1.77,-0.53,-1.02,-2.17,2.01,7.39917701,-1
49,0.24,1.16,1.83,1.66,1.97,-0.18,7.41392829,-1
622,0.94,1.16,-2.19,1.54,2.25,0.63,7.42555511,-1
20,2.31,1.22,-1.66,-2.25,1.83,0.53,7.4317859,-1
335,-1.95,-0.89,-0.13,0.51,-0.92,2.07,7.43468989,-1
535,-1.72,1.67,0.65,-1.77,2.33,1.24,7.46155229,-1
431,0.43,-0.11,2.13,1.55,-2.31,1.2,7.48389484,-1
756,-2.09,-0.66,-0.85,-1.05,0.33,2.07,7.48435894,-1
652,-2.09,1.5,0.03,1.15,-0.49,1.75,7.49092484,-1
752,-1.66,2.35,-1.36,2.01,-2.21,1.15,7.50929752,-1
799,1.79,0.61,-2.16,-1.77,1.88,1.06,7.52176889,-1
923,1.18,-0.62,0.52,-1.84,1.93,1.65,7.53104034,-1
555,-0.96,-1.95,0.92,2.33,-0.65,1.22,7.53799946,-1
695,-2.07,-2.08,-0.43,-0.37,-0.18,2.01,7.55075433,-1
456,-1.68,-1.05,0.21,-1.73,1.77,1.75,7.55134479,-1
887,0.87,-1.61,-1.11,0.05,-1.39,2.14,7.55649174,-1
602,-0.61,-1.95,0.6,2.36,-1.27,1.32,7.55897866,-1
769,2.14,0.19,0.87,-0.41,-0.86,1.75,7.55992332,-1
434,-0.96,-0.27,-0.61,-0.39,2.01,1.7,7.56029515,-1
80,0.83,1.34,2,-2.02,0.73,1.75,7.58160314,-1
715,1.66,1.22,1.24,-0.73,1.09,1.36,7.58964574,-1
696,-1.44,0.15,-0.1,-0.93,-0.03,2.21,7.59215188,-1
620,0.62,1.59,-0.86,2.34,2.36,-1.02,7.59278317,-1
221,1.33,-0.06,0.36,-1.31,-1.35,2.07,7.59429356,-1
193,-0.43,2.19,1.97,0.84,2.28,0.09,7.61497575,-1
194,0.02,1.91,0.63,0.06,2.21,0.94,7.68327188,-1
571,0.8,-0.55,-0.92,1.7,1.36,1.47,7.68450752,-1
28,0.93,-2.13,-0.69,2.24,1.41,1.14,7.69293902,-1
526,1.41,0.57,0.5,-2.31,0.86,1.77,7.69518637,-1
96,-0.63,1.55,-0.94,1.53,-1.58,1.64,7.69653353,-1
712,-1.07,1.3,1.51,0.62,1.94,1.21,7.72781784,-1
513,1.08,-1.32,-1.85,0.71,-1.07,2.12,7.74431691,-1
497,1.2,-0.79,1.2,2.33,1.96,-0.08,7.74532973,-1
149,2.29,1.8,1.62,0.93,1.55,-1.18,7.74889931,-1
822,-1.29,1.28,-2.33,-0.85,0.18,1.92,7.76069614,-1
639,-0.76,0.47,1.65,0.27,0.69,1.9,7.76723641,-1
927,0.5,0.73,-0.05,-0.67,2.27,1.43,7.78065457,-1
56,0.43,0.96,-2.13,-0.54,-1.07,1.95,7.80620972,-1
188,2.34,-2.28,-0.14,1.5,-1.53,1.57,7.81907996,-1
163,0.8,1.18,0.57,1.13,-0.11,1.52,7.83242931,-1
140,-2.09,-0.02,0.38,1.17,-1.93,1.97,7.8364084,-1
984,-0.98,-2.34,-0.04,-2.32,1.74,1.7,7.83864812,-1
386,1.54,2.27,-0.8,1.81,-1.98,0.42,7.84093873,-1
277,1.46,-0.86,0.84,-2.35,-0.77,2.23,7.85360759,-1
344,-0.65,0.19,-0.82,0.11,1.83,1.79,7.85420014,-1
670,1.77,1.52,-1.32,2.19,-1.1,0.85,7.86337565,-1
262,-1.28,-0.77,0.52,-0.4,-0.67,2.34,7.87122413,-1
894,1.29,0.83,-1.39,-1.29,-1.77,1.82,7.88061176,-1
548,-1.8,1.63,-2.31,-2.33,0.49,1.55,7.89133535,-1
614,1.13,-0.72,1.24,-0.1,-0.26,2.11,7.90434246,-1
844,-1.79,0.5,1.13,-0.02,1.85,1.7,7.90734156,-1
95,2.3,0.41,-2.25,1.47,1.23,1.23,7.96893431,-1
675,-0.41,2.35,-2.21,-2.05,-1.26,1.43,7.98566341,-1
63,0.28,-2.07,-0.91,0.7,0.98,1.99,7.99046393,-1
901,-0.82,0.28,2.05,0.09,-0.31,2.17,8.02375478,-1
491,-0.18,0.81,1.78,0.8,1.93,1.24,8.03047889,-1
779,-0.47,1.82,0.85,2.08,2.09,-2,8.04004048,-1
300,1.61,0.16,1.79,1.04,2.37,0.48,8.05497364,-1
506,-1.75,1.76,1.62,-1.66,-0.62,2.23,8.05704072,-1
701,-2.13,-1.99,-0.51,-1.64,-1.58,2.18,8.06086784,-1
397,-1.48,-0.34,-1.98,0.41,-1.7,2.28,8.06584951,-1
152,2.31,2.18,2.27,1.13,0.09,-1.8,8.09557569,-1
164,0.77,-2.32,-0.59,0.12,0.73,2.11,8.10867226,-1
860,-1.57,1.55,2.02,0.63,-1.57,1.92,8.11774286,-1
199,2.02,-1.19,1.22,1.04,0.77,1.53,8.1311988,-1
205,0.3,0.34,-0.88,0.45,0.08,2.15,8.14742588,-1
980,2.02,0.5,1.33,0.03,-0.15,1.76,8.16553269,-1
168,1.46,-0.61,-2.36,2.3,1.91,1.29,8.16880764,-1
339,-1.19,-1.63,1.35,-1.13,0.1,2.35,8.17090853,-1
320,-1.21,1.78,0.88,-0.49,1.43,1.81,8.18710128,-1
31,1.99,1.92,1.14,1.73,1.37,-0.89,8.19520278,-1
201,-1.05,0,-1.57,-1.99,0.38,2.17,8.21714255,-1
580,2.37,2.08,1.8,1.36,0.61,-0.46,8.22023216,-1
917,0.78,1.75,0.42,-1.55,1.7,1.51,8.22988545,-1
998,0.62,-0.22,1.49,-1.84,0.08,2.37,8.23714985,-1
771,1.62,1.18,1.28,1.88,-1.81,0.88,8.25674142,-1
275,-1.55,1.53,2.04,-0.46,-0.97,2.24,8.25969242,-1
157,1.64,-0.63,-0.36,1.76,1.98,1.16,8.27806627,-1
806,-1.66,0.23,-0.04,-0.9,0.96,2.24,8.28027623,-1
105,-2.17,0.11,-2.3,-0.07,-0.6,2.32,8.28729263,-1
309,0.38,-2.09,-1.53,-1.86,-1.68,2.29,8.30671753,-1
98,0.11,-0.1,-0.81,0.31,-2.2,2.24,8.32244148,-1
116,-1.73,0.07,-1.15,-1.68,1.77,1.93,8.33881341,-1
679,-1.4,-1.23,1.94,1.49,-0.47,1.83,8.34480898,-1
692,1.25,0.22,-1.53,1.54,0.45,1.87,8.43578994,-1
89,-0.3,2.33,0.39,2.18,-0.16,1.14,8.436063,-1
421,-2.36,-1.75,0.97,-1.41,0.26,2.27,8.43976126,-1
181,-2.32,-1.68,1.46,2,1.18,1.11,8.44681142,-1
9,0.28,0.17,-1.79,0.25,0.84,2.18,8.4528683,-1
588,-0.31,-2.05,1.69,-0.51,1.68,1.95,8.46194333,-1
922,0.28,-0.68,1.59,-0.43,0.83,2.25,8.46379904,-1
536,-0.61,2.12,-2.16,1.81,2.28,1,8.49852038,-1
29,2.09,1.53,2.2,2.25,-2.12,-1.04,8.50286233,-1
366,0.42,1.51,1.19,0.48,-2.19,1.82,8.50372712,-1
531,-1.43,1.38,0.93,0.49,-2.25,2.11,8.51918068,-1
565,2.01,-0.19,0.63,-1.38,2.07,1.72,8.52737536,-1
782,-2.1,-1.88,-0.12,1.61,0.06,1.96,8.56987199,-1
935,-1.57,-2.33,-0.55,-0.77,1.26,2.09,8.57081395,-1
600,-0.67,-0.22,0.6,-1.24,2.04,2.07,8.5920579,-1
243,-2.02,0.75,-2.24,-0.12,0.18,2.31,8.60914108,-1
971,-2.01,-1.94,-0.8,1.73,1.68,1.59,8.62420929,-1
64,1.68,1.56,1.27,-0.02,1.58,1.3,8.63888335,-1
489,-2.12,-2.31,-1.03,0.01,-1.72,2.29,8.6622536,-1
32,-2,-2.03,-0.7,1.77,1.46,1.65,8.67692309,-1
154,0.09,1.95,0.61,-1.02,-2.25,2.03,8.68011951,-1
218,-1.05,0.6,0,1.45,-0.54,2.2,8.70771096,-1
227,1.47,0.06,-1.63,-1.25,-1.16,2.27,8.78100351,-1
134,-1.25,0.68,-0.86,-2.35,1.05,2.16,8.78904809,-1
539,0.34,1.97,-2.09,2.32,1.73,1.07,8.79267751,-1
384,2,1.27,0.4,-0.23,-1.38,1.86,8.80453429,-1
982,0.67,1.11,2.27,2.35,-0.34,0.95,8.81154769,-1
775,-1.24,1.76,0.95,1.36,-0.21,1.94,8.81261163,-1
293,-2,-1.26,-1.22,0.14,0.96,2.3,8.8128852,-1
687,-1.65,1.93,-1.4,0.78,1.85,1.73,8.83187763,-1
586,1.01,1.91,1.75,-0.64,1.11,1.72,8.84176568,-1
553,-0.61,1.28,2.34,2.26,2.07,0.19,8.85998996,-1
17,2.22,-0.96,0.65,2.26,2.26,0.48,8.88117669,-1
82,0.5,1.62,-1.4,0.3,-2.2,1.98,8.9252926,-1
933,1.2,0.32,-1.15,-1.95,-1.59,2.26,8.93306275,-1
592,0.15,2.07,2.33,2.26,1.8,-0.49,8.99348335,-1
420,0.11,-1.87,-1.23,1,1.39,2.19,9.00652023,-1
295,1,1.84,-1.57,2.33,2.14,0.71,9.01701415,-1
311,-2.33,-1.94,-2.25,-2.02,2.28,1.57,9.04734282,-1
217,-0.6,-0.48,1.18,1.23,1.8,1.81,9.04874618,-1
244,-1.65,-0.97,1.15,1.2,-1.28,2.32,9.06310506,-1
843,-1.63,2.06,2.23,1.68,-1.63,1.69,9.09181548,-1
681,0.97,1.8,-0.22,1.01,0.78,1.69,9.10356635,-1
940,0.9,1.32,-1.33,1.12,2.17,1.48,9.13104897,-1
693,0.37,1.8,-1.9,-1.1,-2.08,2,9.13440406,-1
239,-1.66,-1.76,2.02,1.95,0.13,1.69,9.14235471,-1
874,0.29,1.73,0.72,0.59,0.7,1.95,9.14830717,-1
563,-1.76,1.29,0.81,2.32,-1.01,1.87,9.15867771,-1
399,-0.26,-0.93,-1.36,1.25,1.23,2.29,9.17596304,-1
86,1.89,1.64,0.48,0.63,-0.97,1.72,9.18243063,-1
829,-1.15,0.72,0.23,-1.25,1.82,2.25,9.21013227,-1
895,-2.19,2.11,0.44,0.92,0.62,2.08,9.21412842,-1
165,-1.96,1.97,0.35,0.46,-0.34,2.34,9.25366228,-1
827,1.63,-1.59,2.32,1.02,2.12,1.33,9.30444825,-1
957,-0.89,1.34,2.03,-0.58,1.42,2.23,9.3126637,-1
345,-0.18,1.11,2.15,1.43,-0.86,1.99,9.35526252,-1
847,1.97,-0.77,2.18,1.82,0.22,1.5,9.35798138,-1
804,-1.36,-1.54,-0.6,-0.02,2.09,2.17,9.37142626,-1
33,-2.14,-0.24,-0.12,-1.06,2.23,2.16,9.375897,-1
62,-0.25,2.21,-2.25,-0.18,-0.28,2.15,9.39823193,-1
529,1.82,-0.82,1.54,0.72,2.15,1.61,9.41124082,-1
808,-2.04,-0.19,1.8,0.5,2.14,1.92,9.42238437,-1
742,0.68,-0.12,-2.04,-0.78,1.49,2.32,9.43133176,-1
375,0.31,2.02,1.82,1.4,0.66,1.53,9.43314872,-1
945,1.35,-1.23,-1.12,1.87,-1.76,2.26,9.44889981,-1
618,1.22,1.84,-1.75,-1.59,-1.56,1.95,9.46194485,-1
762,-1.94,2.13,1.77,-0.27,1.06,2.22,9.46512254,-1
763,-0.76,1.61,0.42,2,-2.1,1.91,9.46586544,-1
355,1.87,1.51,-1.79,0.38,-0.26,1.98,9.53339826,-1
249,-0.58,1.59,1.78,2.22,2.11,0.81,9.53461324,-1
58,-1.88,-2.29,-1.89,1.38,1.76,2.06,9.6276182,-1
985,-1.85,-0.98,1.85,2.13,2.13,1.19,9.62916786,-1
292,0.4,0.24,0.83,1.91,-1.77,2.1,9.63420131,-1
510,1.56,-2.15,-2.11,-0.63,2.33,2.13,9.65617125,-1
702,2.06,1.08,2.19,2.22,-0.53,0.96,9.68380599,-1
315,2.31,0.42,0.3,2.07,0.57,1.51,9.69013902,-1
389,-1.01,-1.46,-0.64,-0.37,2.08,2.33,9.69943447,-1
736,1.44,0.93,-2.32,1.42,0.89,2.05,9.7070676,-1
836,0.45,-1.97,0.55,2.3,-2,2.06,9.7792084,-1
325,1.44,-0.53,0.04,0.97,-2.23,2.37,9.7928415,-1
167,-1.43,-0.25,-0.09,2.07,2.04,1.87,9.81744017,-1
943,-1.86,1.32,-0.1,1.52,1.89,1.98,9.86197426,-1
171,-1.29,0.82,0.98,-2.11,2.21,2.3,9.87551075,-1
595,1.94,1.25,-0.87,-0.44,-0.85,2.25,9.88781309,-1
585,-0.37,-0.79,0.79,0.82,2.35,2.05,9.89532591,-1
641,-0.2,-1.72,-0.87,0.6,2.14,2.33,10.07057361,-1
207,1.52,1.24,1.71,1.13,2.17,1.3,10.08689735,-1
331,1.59,-0.78,0.63,-0.9,1.99,2.36,10.09569624,-1
735,0.93,2.27,0.77,-1.83,-1.31,2.31,10.14939074,-1
814,0.5,2.06,0.94,-0.18,0.23,2.34,10.17941456,-1
677,-0.07,1.91,-0.91,1.54,0.97,2.11,10.18632019,-1
203,2.26,1.76,-0.28,2.07,2.04,0.73,10.21627136,-1
174,1.71,-1.62,1.83,1.12,0.16,2.29,10.2350895,-1
881,2.27,1.4,0.77,1.23,-1.27,1.81,10.2380168,-1
279,1.02,0.69,-0.46,1.87,-1.88,2.24,10.26958347,-1
995,-1.09,2.29,-0.91,1.64,2.36,1.68,10.31729814,-1
986,1.36,-0.31,-0.42,1.77,0.98,2.29,10.41873797,-1
528,-0.74,0.22,1.15,2.02,0.35,2.36,10.53520575,-1
429,0.64,-1.68,1.04,1.86,2.37,1.81,10.77443064,-1
143,2.05,-0.02,-1.95,1.48,1.68,2.27,10.88933074,-1
79,0.75,1.24,2.21,1.65,-1.95,2.13,10.9638233,-1
911,1.74,1.98,1.12,-1.32,1.47,2.21,11.07699846,-1
294,0.46,1.79,-0.82,0.07,2.19,2.23,11.08174606,-1
405,0.61,-0.35,1.76,1.41,2.06,2.12,11.10774751,-1
81,-1.83,-1.7,1.84,1.57,1.7,2.21,11.32682167,-1
830,-1.77,2.27,1.61,2.2,-1.68,2.27,11.35794093,-1
633,0.87,1.1,-1.87,1.75,1.64,2.37,11.37970481,-1
515,2.2,-1.13,0.24,1.78,1.26,2.34,11.43604075,-1
114,-0.75,1.2,1.96,2.36,0.83,2.21,11.69149324,-1
374,1.55,2.22,-1.7,1.42,1.96,1.91,11.76529612,-1
907,2.04,0.92,0.87,2.22,1.98,1.9,12.58341403,-1
135,2.28,1.2,2.35,1.76,1.75,1.84,12.88489403,-1
